dam,obs_date,obs_time,rwl_m,dev_24h_m,nhwl_m,dev_nhwl_m,rule_curve_m,dev_rule_curve_m,gates,gate_opening_m,inflow_cms,outflow_cms
Ambuklao,2026-09-20,08:00 am,751.38,,752.00,-0.62,745.00,6.38,1,0.30,,64.29
Angat,2026-09-20,08:00 am,208.29,,210.00,-1.71,185.30,22.99,,,,
Binga,2026-09-20,08:00 am,575.00,,575.00,0.00,565.00,10.00,2,0.60,,114.78
Caliraya,2026-09-20,08:00 am,286.17,,0.00,0.00,0.00,0.00,,,,
Ipo,2026-09-20,08:00 am,100.50,,101.10,-0.60,0.00,0.00,,,,
La Mesa,2026-09-20,08:00 am,78.58,,80.15,-1.57,0.00,0.00,,,,
Magat Dam,2026-09-20,08:00 am,189.06,,190.00,-0.94,184.83,4.23,,,,
Pantabangan,2026-09-20,08:00 am,205.00,,218.50,-13.50,214.93,-9.93,,,,
San Roque,2026-09-20,08:00 am,281.69,,280.00,1.69,263.42,18.27,,,,
Ambuklao,2026-09-21,08:00 am,751.03,,752.00,-0.97,745.00,6.03,1,0.30,,113.89
Angat,2026-09-21,08:00 am,208.23,,210.00,-1.77,185.11,23.12,,,,
Binga,2026-09-21,08:00 am,574.61,,575.00,-0.39,565.00,9.61,1,0.30,,127.02
Caliraya,2026-09-21,08:00 am,286.22,,0.00,0.00,0.00,0.00,,,,
Ipo,2026-09-21,08:00 am,100.53,,101.10,-0.57,0.00,0.00,,,,
La Mesa,2026-09-21,08:00 am,78.55,,80.15,-1.60,0.00,0.00,,,,
Magat Dam,2026-09-21,08:00 am,189.06,,190.00,-0.94,184.95,4.11,,,,
Pantabangan,2026-09-21,08:00 am,205.28,,218.50,-13.22,215.04,-9.76,,,,
San Roque,2026-09-21,08:00 am,281.72,,280.00,1.72,263.93,17.79,,,,
Ambuklao,2026-09-22,08:00 am,751.03,,752.00,-0.97,745.00,6.03,,,,
Angat,2026-09-22,08:00 am,208.46,,210.00,-1.54,185.19,23.27,,,,
Binga,2026-09-22,08:00 am,574.48,,575.00,-0.52,565.00,9.48,,,,
Caliraya,2026-09-22,08:00 am,286.18,,0.00,0.00,0.00,0.00,,,,
Ipo,2026-09-22,08:00 am,100.34,,101.10,-0.76,0.00,0.00,,,,
La Mesa,2026-09-22,08:00 am,78.53,,80.15,-1.62,0.00,0.00,,,,
Magat Dam,2026-09-22,08:00 am,189.01,,190.00,-0.99,185.07,3.94,,,,
Pantabangan,2026-09-22,08:00 am,205.63,,218.50,-12.87,215.16,-9.53,,,,
San Roque,2026-09-22,08:00 am,281.60,,280.00,1.60,264.45,17.15,,,,
Ambuklao,2026-09-23,08:00 am,751.55,,752.00,-0.45,745.00,6.55,,,,
Angat,2026-09-23,08:00 am,208.60,,210.00,-1.40,185.26,23.34,,,,
Binga,2026-09-23,08:00 am,574.24,,575.00,-0.76,565.00,9.24,1,0.30,,123.95
Caliraya,2026-09-23,08:00 am,286.34,,0.00,0.00,0.00,0.00,,,,
Ipo,2026-09-23,08:00 am,100.46,,101.10,-0.64,0.00,0.00,,,,
La Mesa,2026-09-23,08:00 am,78.64,,80.15,-1.51,0.00,0.00,,,,
Magat Dam,2026-09-23,08:00 am,189.07,,190.00,-0.93,185.18,3.89,,,,
Pantabangan,2026-09-23,08:00 am,205.99,,218.50,-12.51,215.28,-9.29,,,,
San Roque,2026-09-23,08:00 am,281.71,,280.00,1.71,264.97,16.74,,,,
Ambuklao,2026-09-24,08:00 am,751.74,,752.00,-0.26,745.00,6.74,1,0.30,,107.33
Angat,2026-09-24,08:00 am,208.79,,210.00,-1.21,185.34,23.45,,,,
Binga,2026-09-24,08:00 am,574.25,,575.00,-0.75,565.00,9.25,,,,
Caliraya,2026-09-24,08:00 am,286.32,,0.00,0.00,0.00,0.00,,,,
Ipo,2026-09-24,08:00 am,100.23,,101.10,-0.87,0.00,0.00,,,,
La Mesa,2026-09-24,08:00 am,78.73,,80.15,-1.42,0.00,0.00,,,,
Magat Dam,2026-09-24,08:00 am,189.05,,190.00,-0.95,185.30,3.75,,,,
Pantabangan,2026-09-24,08:00 am,206.28,,218.50,-12.22,215.39,-9.11,,,,
San Roque,2026-09-24,08:00 am,282.06,,280.00,2.06,265.48,16.58,,,,
Ambuklao,2026-09-25,08:00 am,751.45,,752.00,-0.55,745.00,6.45,1,0.30,,78.67
Angat,2026-09-25,08:00 am,208.82,,210.00,-1.18,185.42,23.40,,,,
Binga,2026-09-25,08:00 am,574.12,,575.00,-0.88,565.00,9.12,1,0.30,,116.92
Caliraya,2026-09-25,08:00 am,286.27,,0.00,0.00,0.00,0.00,,,,
Ipo,2026-09-25,08:00 am,100.33,,101.10,-0.77,0.00,0.00,,,,
La Mesa,2026-09-25,08:00 am,78.77,,80.15,-1.38,0.00,0.00,,,,
Magat Dam,2026-09-25,08:00 am,189.29,,190.00,-0.71,185.42,3.87,,,,
Pantabangan,2026-09-25,08:00 am,206.62,,218.50,-11.88,215.51,-8.89,,,,
San Roque,2026-09-25,08:00 am,282.46,,280.00,2.46,266.00,16.46,,,,
Ambuklao,2026-09-26,08:00 am,751.31,,752.00,-0.69,745.00,6.31,1,0.30,,57.53
Angat,2026-09-26,08:00 am,208.87,,210.00,-1.13,185.49,23.38,,,,
Binga,2026-09-26,08:00 am,574.59,,575.00,-0.41,565.00,9.59,1,0.30,,51.67
Caliraya,2026-09-26,08:00 am,286.22,,0.00,0.00,0.00,0.00,,,,
Ipo,2026-09-26,08:00 am,100.27,,101.10,-0.83,0.00,0.00,,,,
La Mesa,2026-09-26,08:00 am,78.89,,80.15,-1.26,0.00,0.00,,,,
Magat Dam,2026-09-26,08:00 am,189.41,,190.00,-0.59,185.53,3.88,,,,
Pantabangan,2026-09-26,08:00 am,206.90,,218.50,-11.60,215.62,-8.72,,,,
San Roque,2026-09-26,08:00 am,282.61,,280.00,2.61,266.52,16.09,,,,
Ambuklao,2026-09-27,08:00 am,751.17,,752.00,-0.83,745.00,6.17,1,0.30,,55.32
Angat,2026-09-27,08:00 am,208.88,,210.00,-1.12,185.57,23.31,,,,
Binga,2026-09-27,08:00 am,574.13,,575.00,-0.87,565.00,9.13,1,0.30,,48.42
Caliraya,2026-09-27,08:00 am,286.29,,0.00,0.00,0.00,0.00,,,,
Ipo,2026-09-27,08:00 am,100.16,,101.10,-0.94,0.00,0.00,,,,
La Mesa,2026-09-27,08:00 am,78.91,,80.15,-1.24,0.00,0.00,,,,
Magat Dam,2026-09-27,08:00 am,189.54,,190.00,-0.46,185.65,3.89,,,,
Pantabangan,2026-09-27,08:00 am,207.14,,218.50,-11.36,215.74,-8.60,,,,
San Roque,2026-09-27,08:00 am,282.08,,280.00,2.08,267.03,15.05,,,,
Ambuklao,2026-09-28,08:00 AM,750.80,-0.37,752.00,-1.20,745.00,5.80,,,,
Angat,2026-09-28,08:00 AM,208.84,-0.04,210.00,-1.16,185.65,23.19,,,,
Binga,2026-09-28,08:00 AM,574.52,0.39,575.00,-0.48,565.00,9.52,,,,
Caliraya,2026-09-28,08:00 AM,286.57,0.28,0.00,0.00,0.00,0.00,,,,
Ipo,2026-09-28,08:00 AM,99.88,-0.28,101.10,-1.22,0.00,0.00,,,,
La Mesa,2026-09-28,08:00 AM,78.95,0.04,80.15,-1.20,0.00,0.00,,,,
Magat Dam,2026-09-28,08:00 AM,189.66,0.12,190.00,-0.34,185.77,3.89,,,,
Pantabangan,2026-09-28,08:00 AM,207.33,0.19,218.50,-11.17,215.85,-8.52,,,,
San Roque,2026-09-28,08:00 AM,281.68,-0.40,280.00,1.68,267.55,14.13,,,,
