date_pht,sub_basin,status
2026-09-21,Ambuklao-Binga-San Roque Sub-basin,Flood Watch
2026-09-21,Angat Sub-basin,Non-Flood Watch
2026-09-21,Magat Sub-basin,Non-Flood Watch
2026-09-21,Pantabangan Sub-basin,Non-Flood Watch
2026-09-22,Ambuklao-Binga-San Roque Sub-basin,Non-Flood Watch
2026-09-22,Angat Sub-basin,Non-Flood Watch
2026-09-22,Magat Sub-basin,Non-Flood Watch
2026-09-22,Pantabangan Sub-basin,Non-Flood Watch
2026-09-23,Ambuklao-Binga-San Roque Sub-basin,Flood Watch
2026-09-23,Angat Sub-basin,Non-Flood Watch
2026-09-23,Magat Sub-basin,Non-Flood Watch
2026-09-23,Pantabangan Sub-basin,Non-Flood Watch
2026-09-24,Ambuklao-Binga-San Roque Sub-basin,Flood Watch
2026-09-24,Angat Sub-basin,Non-Flood Watch
2026-09-24,Magat Sub-basin,Non-Flood Watch
2026-09-24,Pantabangan Sub-basin,Non-Flood Watch
2026-09-25,Ambuklao-Binga-San Roque Sub-basin,Flood Watch
2026-09-25,Angat Sub-basin,Non-Flood Watch
2026-09-25,Magat Sub-basin,Non-Flood Watch
2026-09-25,Pantabangan Sub-basin,Non-Flood Watch
2026-09-26,Ambuklao-Binga-San Roque Sub-basin,Flood Watch
2026-09-26,Angat Sub-basin,Non-Flood Watch
2026-09-26,Magat Sub-basin,Non-Flood Watch
2026-09-26,Pantabangan Sub-basin,Non-Flood Watch
2026-09-27,Ambuklao-Binga-San Roque Sub-basin,Flood Watch
2026-09-27,Angat Sub-basin,Non-Flood Watch
2026-09-27,Magat Sub-basin,Non-Flood Watch
2026-09-27,Pantabangan Sub-basin,Non-Flood Watch
2026-09-28,Ambuklao-Binga-San Roque Sub-basin,Non-Flood Watch
2026-09-28,Angat Sub-basin,Non-Flood Watch
2026-09-28,Magat Sub-basin,Non-Flood Watch
2026-09-28,Pantabangan Sub-basin,Non-Flood Watch
2026-09-29,Ambuklao-Binga-San Roque Sub-basin,Non-Flood Watch
2026-09-29,Angat Sub-basin,Non-Flood Watch
2026-09-29,Magat Sub-basin,Non-Flood Watch
2026-09-29,Pantabangan Sub-basin,Non-Flood Watch
2026-09-30,Ambuklao-Binga-San Roque Sub-basin,Non-Flood Watch
2026-09-30,Angat Sub-basin,Non-Flood Watch
2026-09-30,Magat Sub-basin,Non-Flood Watch
2026-09-30,Pantabangan Sub-basin,Non-Flood Watch
2026-10-01,Ambuklao-Binga-San Roque Sub-basin,Non-Flood Watch
2026-10-01,Angat Sub-basin,Non-Flood Watch
2026-10-01,Magat Sub-basin,Non-Flood Watch
2026-10-01,Pantabangan Sub-basin,Non-Flood Watch
2026-10-02,Ambuklao-Binga-San Roque Sub-basin,Flood Watch
2026-10-02,Angat Sub-basin,Non-Flood Watch
2026-10-02,Magat Sub-basin,Non-Flood Watch
2026-10-02,Pantabangan Sub-basin,Non-Flood Watch
