city_code,layer,class_high_pct,class_medium_pct,class_low_pct,label,source_version,computed_at
1001801000,flood_100yr,2.6,2.9,2.9,medium,noah-2021-10/hf-3820095a7e40,2026-09-27
1001801000,landslide,49.4,12.6,3.9,high,noah-2021-10/hf-3820095a7e40,2026-09-27
1001801000,storm_surge,0.9,0.3,0.1,low,noah-2021-10/hf-3820095a7e40,2026-09-27
1001802000,flood_100yr,1.7,4.4,2.1,low,noah-2021-10/hf-3820095a7e40,2026-09-27
1001802000,landslide,42.4,23.1,7.5,high,noah-2021-10/hf-3820095a7e40,2026-09-27
1001802000,storm_surge,2.8,0.3,0.1,medium,noah-2021-10/hf-3820095a7e40,2026-09-27
1001803000,flood_100yr,2.4,6.9,3.5,medium,noah-2021-10/hf-3820095a7e40,2026-09-27
1001803000,landslide,36.4,19.7,6.0,high,noah-2021-10/hf-3820095a7e40,2026-09-27
1001803000,storm_surge,6.2,0.6,0.2,medium,noah-2021-10/hf-3820095a7e40,2026-09-27
1001804000,flood_100yr,2.1,8.5,6.2,medium,noah-2021-10/hf-3820095a7e40,2026-09-27
1001804000,landslide,35.7,11.2,3.7,high,noah-2021-10/hf-3820095a7e40,2026-09-27
1001804000,storm_surge,3.4,0.8,0.2,medium,noah-2021-10/hf-3820095a7e40,2026-09-27
1001805000,flood_100yr,3.0,5.4,1.1,medium,noah-2021-10/hf-3820095a7e40,2026-09-27
1001805000,landslide,39.8,18.8,6.7,high,noah-2021-10/hf-3820095a7e40,2026-09-27
1001805000,storm_surge,3.7,0.5,0.2,medium,noah-2021-10/hf-3820095a7e40,2026-09-27
1380100000,flood_100yr,5.2,10.3,5.5,medium,noah-2021-10/hf-3820095a7e40,2026-09-27
1380100000,landslide,0.2,0.2,0.2,low,noah-2021-10/hf-3820095a7e40,2026-09-27
1380100000,storm_surge,4.6,0.3,0.0,medium,noah-2021-10/hf-3820095a7e40,2026-09-27
1380200000,flood_100yr,5.9,18.3,17.1,medium,noah-2021-10/hf-3820095a7e40,2026-09-27
1380200000,landslide,0.0,0.0,0.0,none,noah-2021-10/hf-3820095a7e40,2026-09-27
1380200000,storm_surge,12.8,3.2,0.1,high,noah-2021-10/hf-3820095a7e40,2026-09-27
1380300000,flood_100yr,4.0,17.7,18.0,medium,noah-2021-10/hf-3820095a7e40,2026-09-27
1380300000,landslide,0.1,0.0,0.1,low,noah-2021-10/hf-3820095a7e40,2026-09-27
1380300000,storm_surge,0.4,4.7,0.1,low,noah-2021-10/hf-3820095a7e40,2026-09-27
1380400000,flood_100yr,20.0,44.2,11.8,high,noah-2021-10/hf-3820095a7e40,2026-09-27
1380400000,landslide,0.0,0.0,0.0,none,noah-2021-10/hf-3820095a7e40,2026-09-27
1380400000,storm_surge,75.1,3.6,0.4,high,noah-2021-10/hf-3820095a7e40,2026-09-27
1380500000,flood_100yr,5.1,17.3,11.4,medium,noah-2021-10/hf-3820095a7e40,2026-09-27
1380500000,landslide,0.0,0.0,0.0,none,noah-2021-10/hf-3820095a7e40,2026-09-27
1380500000,storm_surge,0.0,0.0,0.0,none,noah-2021-10/hf-3820095a7e40,2026-09-27
1380600000,flood_100yr,5.0,38.2,22.9,medium,noah-2021-10/hf-3820095a7e40,2026-09-27
1380600000,landslide,0.1,0.0,0.0,low,noah-2021-10/hf-3820095a7e40,2026-09-27
1380600000,storm_surge,55.7,19.0,0.5,high,noah-2021-10/hf-3820095a7e40,2026-09-27
1380700000,flood_100yr,48.4,15.6,4.3,high,noah-2021-10/hf-3820095a7e40,2026-09-27
1380700000,landslide,0.0,0.1,0.3,low,noah-2021-10/hf-3820095a7e40,2026-09-27
1380700000,storm_surge,0.0,0.0,0.0,none,noah-2021-10/hf-3820095a7e40,2026-09-27
1380800000,flood_100yr,4.5,15.3,14.0,medium,noah-2021-10/hf-3820095a7e40,2026-09-27
1380800000,landslide,0.1,0.3,0.7,low,noah-2021-10/hf-3820095a7e40,2026-09-27
1380800000,storm_surge,0.0,0.0,0.0,none,noah-2021-10/hf-3820095a7e40,2026-09-27
1380900000,flood_100yr,2.2,34.7,32.9,medium,noah-2021-10/hf-3820095a7e40,2026-09-27
1380900000,landslide,0.0,0.0,0.1,low,noah-2021-10/hf-3820095a7e40,2026-09-27
1380900000,storm_surge,98.5,0.5,0.0,high,noah-2021-10/hf-3820095a7e40,2026-09-27
1381000000,flood_100yr,8.8,19.0,15.7,medium,noah-2021-10/hf-3820095a7e40,2026-09-27
1381000000,landslide,0.0,0.0,0.0,none,noah-2021-10/hf-3820095a7e40,2026-09-27
1381000000,storm_surge,12.7,8.1,1.0,high,noah-2021-10/hf-3820095a7e40,2026-09-27
1381100000,flood_100yr,5.5,27.4,21.4,medium,noah-2021-10/hf-3820095a7e40,2026-09-27
1381100000,landslide,0.0,0.0,0.0,none,noah-2021-10/hf-3820095a7e40,2026-09-27
1381100000,storm_surge,22.9,19.4,0.6,high,noah-2021-10/hf-3820095a7e40,2026-09-27
1381200000,flood_100yr,26.9,31.9,11.6,high,noah-2021-10/hf-3820095a7e40,2026-09-27
1381200000,landslide,0.0,0.0,0.0,none,noah-2021-10/hf-3820095a7e40,2026-09-27
1381200000,storm_surge,0.0,0.0,0.0,none,noah-2021-10/hf-3820095a7e40,2026-09-27
1381300000,flood_100yr,12.2,9.5,8.1,high,noah-2021-10/hf-3820095a7e40,2026-09-27
1381300000,landslide,0.1,0.4,0.5,low,noah-2021-10/hf-3820095a7e40,2026-09-27
1381300000,storm_surge,0.0,0.0,0.0,none,noah-2021-10/hf-3820095a7e40,2026-09-27
1381400000,flood_100yr,9.3,12.9,9.9,medium,noah-2021-10/hf-3820095a7e40,2026-09-27
1381400000,landslide,0.0,0.0,0.0,none,noah-2021-10/hf-3820095a7e40,2026-09-27
1381400000,storm_surge,0.0,0.0,0.0,none,noah-2021-10/hf-3820095a7e40,2026-09-27
1381500000,flood_100yr,4.0,23.8,15.8,medium,noah-2021-10/hf-3820095a7e40,2026-09-27
1381500000,landslide,0.0,0.0,0.0,none,noah-2021-10/hf-3820095a7e40,2026-09-27
1381500000,storm_surge,0.0,0.0,0.0,none,noah-2021-10/hf-3820095a7e40,2026-09-27
1381600000,flood_100yr,8.3,20.7,2.5,medium,noah-2021-10/hf-3820095a7e40,2026-09-27
1381600000,landslide,0.0,0.0,0.0,none,noah-2021-10/hf-3820095a7e40,2026-09-27
1381600000,storm_surge,18.0,6.4,0.8,high,noah-2021-10/hf-3820095a7e40,2026-09-27
1381701000,flood_100yr,1.7,37.8,26.5,medium,noah-2021-10/hf-3820095a7e40,2026-09-27
1381701000,landslide,0.0,0.0,0.0,none,noah-2021-10/hf-3820095a7e40,2026-09-27
1381701000,storm_surge,0.0,0.0,0.0,none,noah-2021-10/hf-3820095a7e40,2026-09-27
