date_pht,volcano,alert_level
2026-09-21,Bulusan,1
2026-09-21,Kanlaon,2
2026-09-21,Mayon,2
2026-09-21,Pinatubo,0
2026-09-21,Taal,1
2026-09-22,Bulusan,1
2026-09-22,Kanlaon,2
2026-09-22,Mayon,2
2026-09-22,Pinatubo,0
2026-09-22,Taal,1
2026-09-23,Bulusan,1
2026-09-23,Kanlaon,2
2026-09-23,Mayon,2
2026-09-23,Pinatubo,0
2026-09-23,Taal,1
2026-09-24,Bulusan,1
2026-09-24,Kanlaon,2
2026-09-24,Mayon,2
2026-09-24,Pinatubo,0
2026-09-24,Taal,1
2026-09-25,Bulusan,1
2026-09-25,Kanlaon,2
2026-09-25,Mayon,2
2026-09-25,Pinatubo,0
2026-09-25,Taal,1
2026-09-26,Bulusan,1
2026-09-26,Kanlaon,2
2026-09-26,Mayon,2
2026-09-26,Pinatubo,0
2026-09-26,Taal,1
2026-09-27,Bulusan,1
2026-09-27,Kanlaon,2
2026-09-27,Mayon,2
2026-09-27,Pinatubo,0
2026-09-27,Taal,1
2026-09-28,Bulusan,1
2026-09-28,Kanlaon,2
2026-09-28,Mayon,2
2026-09-28,Pinatubo,0
2026-09-28,Taal,1
2026-09-29,Bulusan,1
2026-09-29,Kanlaon,2
2026-09-29,Mayon,2
2026-09-29,Pinatubo,0
2026-09-29,Taal,1
2026-09-30,Bulusan,1
2026-09-30,Kanlaon,2
2026-09-30,Mayon,2
2026-09-30,Pinatubo,0
2026-09-30,Taal,1
2026-10-01,Bulusan,1
2026-10-01,Kanlaon,2
2026-10-01,Mayon,2
2026-10-01,Pinatubo,0
2026-10-01,Taal,1
